"","VIP","Coefficient"
"var_CV",0.421495951301431,0.458437820392554
"yield",2.2160774522719,-2.41030480578466
"season_length",0.145701457964267,-0.158471412621916
"rain_prob",0.99537940976623,1.08261909911092
"strong_rain_prob",0.454122752778984,0.493924186772982
"storm_prob",0.928580197511793,-1.00996529265013
"frost_prob",0.889794371131252,-0.967780095726839
"chill_requirement",0.19776279637392,0.215095649304493
