"","VIP","Coefficient"
"var_CV",0.0837387688396542,-0.129113084885033
"yield",2.36559665321283,3.64740831185211
"season_length",1.23549394194516,1.90495318251885
"rain_prob",0.811719610523005,-1.25155438070727
"strong_rain_prob",0.19243283623298,0.296703635167977
"storm_prob",0.105001542989877,0.161897211064458
"frost_prob",0.399922506875694,0.61662273392805
"chill_requirement",0.0601045274002197,0.0926724987210999
