"","VIP","Coefficient"
"var_CV",0.0395668338860696,0.04542025301128
"yield",0.314883352362644,-0.36146641337372
"season_length",2.03247918222975,-2.33315910398221
"rain_prob",1.59252023224831,1.82811371975272
"strong_rain_prob",0.275971357460771,-0.316797874599407
"storm_prob",0.520908984054782,-0.59797096527218
"frost_prob",0.400204769256477,-0.459410068753313
"chill_requirement",0.851187644764783,-0.977110230669823
