"","VIP","Coefficient"
"var_CV",0.750235578885168,0.789302281294923
"yield",0.773868599944375,-0.814165934740473
"season_length",0.595457898060622,0.626464927260223
"rain_prob",0.813005859099682,0.85534117196505
"strong_rain_prob",1.3121644191139,-1.38049220616762
"storm_prob",0.586450965693613,-0.616988980684465
"frost_prob",1.73470633544442,-1.82503697035756
"chill_requirement",0.864765322338533,-0.90979588400861
