"","VIP","Coefficient"
"var_CV",0.131332730999537,-0.0270798769624253
"yield",0.0355661042480777,-0.00733347825588227
"season_length",2.79299045825127,0.575894808484103
"rain_prob",0.0389841814688791,0.00803826151808136
"strong_rain_prob",0.144571988358256,-0.0298097178605732
"storm_prob",0.369508951669578,-0.0761901231442621
"frost_prob",0.100353065259782,0.0206920897734681
"chill_requirement",0.10799368879949,-0.0222675321159579
