"","VIP","Coefficient"
"var_CV",0.100698419089352,-0.0878028775886681
"yield",0.747310799900933,0.651609422250897
"season_length",2.1649940968587,1.88774276086698
"rain_prob",1.43559148781352,-1.25174818841971
"strong_rain_prob",0.297860643916579,0.259716308287652
"storm_prob",0.196054957588753,0.170947961224121
"frost_prob",0.733356827107989,0.639442409341516
"chill_requirement",0.135252696731923,0.117932099451858
