"","VIP","Coefficient"
"var_CV",0.374696115918231,-0.0243642712934224
"yield",0.755084230242268,-0.0490986595628934
"season_length",1.78626607800094,0.116150313488037
"rain_prob",1.30607835091805,-0.0849265469279042
"strong_rain_prob",0.303276734527351,-0.0197202915191684
"storm_prob",1.02565662868173,0.0666923816219972
"frost_prob",0.69782823084758,-0.0453756407133128
"chill_requirement",0.872898005708208,0.0567593922622975
