"","VIP","Coefficient"
"var_CV",0.0998218355881365,0.00567330012964359
"yield",0.613148379035849,0.0348478342216366
"season_length",0.0540368401296422,0.0030711438064305
"rain_prob",0.147858766298525,-0.00840344352583775
"strong_rain_prob",1.80232434767247,0.102433770077108
"storm_prob",1.95942701858283,0.111362584078491
"frost_prob",0.500339102578983,0.0284364025045484
"chill_requirement",0.501234434798796,0.0284872880484658
