"","VIP","Coefficient"
"var_CV",0.164931006225008,0.00822632767000817
"yield",0.381241565865238,0.0190153332233712
"season_length",0.00387189150936619,0.000193119832272867
"rain_prob",0.0857948487191764,0.00427922289517754
"strong_rain_prob",0.45710494142048,0.0227992001854081
"storm_prob",2.27816221194643,0.113628778904886
"frost_prob",0.993120018213034,-0.0495342317521502
"chill_requirement",1.19784035749531,0.0597451473961968
