"","VIP","Coefficient"
"var_CV",0.440300956460898,0.478317399625063
"yield",2.21524576983216,-2.40651440931094
"season_length",0.112070381173512,-0.121746756420376
"rain_prob",0.992716617526537,1.07842970607321
"strong_rain_prob",0.43049581196599,0.467665659834512
"storm_prob",0.949756821363678,-1.0317606773384
"frost_prob",0.86794790758738,-0.942888222419928
"chill_requirement",0.24510601746635,0.266268948969162
