"","VIP","Coefficient"
"var_CV",0.0218735698199285,0.0251473043378235
"yield",0.366736042512387,-0.42162403981748
"season_length",2.0361882882887,-2.34093689307433
"rain_prob",1.57694244310422,1.81295745808456
"strong_rain_prob",0.249728500972387,-0.287104421796734
"storm_prob",0.567196714584259,-0.652086902983199
"frost_prob",0.424509626720033,-0.488044378002648
"chill_requirement",0.817270547265123,-0.939588340979944
