"","VIP","Coefficient"
"var_CV",0.735719161210273,0.762604430977477
"yield",0.771030688528142,-0.799206341892629
"season_length",0.617926426412521,0.640507214770752
"rain_prob",0.816951708420433,0.846805446403185
"strong_rain_prob",1.3670604113237,-1.41701668524491
"storm_prob",0.587518207162609,-0.608987792740246
"frost_prob",1.68582252834728,-1.74742727625094
"chill_requirement",0.871181049946885,-0.9030164822406
